text,label
"This paper proposes a novel deep neural network architecture using transformer attention mechanisms for large scale language modeling and reasoning tasks.",Artificial Intelligence
"We introduce a reinforcement learning framework that trains agents through reward shaping to master complex sequential decision making problems.",Artificial Intelligence
"Our study explores generative adversarial networks and their applications in generating realistic synthetic data for AI research.",Artificial Intelligence
"This survey covers knowledge representation, reasoning, and planning techniques central to building general purpose intelligent systems.",Artificial Intelligence
"We present an AI system capable of multi step reasoning and tool use to solve open ended problems autonomously.",Artificial Intelligence
"This paper presents a supervised learning approach using gradient boosted decision trees for tabular classification tasks.",Machine Learning
"We evaluate several regularization techniques including dropout and weight decay to reduce overfitting in deep learning models.",Machine Learning
"A comparative study of support vector machines, random forests, and logistic regression for predictive analytics.",Machine Learning
"This work proposes an ensemble learning method that combines bagging and boosting to improve model generalization.",Machine Learning
"We describe a feature engineering pipeline and cross validation strategy for building robust machine learning pipelines.",Machine Learning
"This paper introduces a convolutional neural network for real time object detection in high resolution images.",Computer Vision
"We propose an image segmentation model based on encoder decoder architectures for medical scan analysis.",Computer Vision
"Our method performs facial recognition and pose estimation using keypoint detection networks.",Computer Vision
"This study benchmarks image classification models on large scale visual datasets including data augmentation strategies.",Computer Vision
"We present an optical character recognition pipeline for extracting text from scanned document images.",Computer Vision
"This paper explores transformer based language models for text summarization and machine translation tasks.",Natural Language Processing
"We propose a named entity recognition system fine tuned on domain specific text corpora.",Natural Language Processing
"Our work investigates sentiment analysis and text classification using pretrained word embeddings.",Natural Language Processing
"This research presents a question answering system that retrieves and reasons over unstructured text documents.",Natural Language Processing
"We describe a chatbot architecture using sequence to sequence models for conversational dialogue generation.",Natural Language Processing
"This paper presents a robotic arm control system using inverse kinematics and trajectory planning algorithms.",Robotics
"We propose a simultaneous localization and mapping approach for autonomous mobile robot navigation.",Robotics
"Our study evaluates sensor fusion techniques combining lidar and camera data for robot perception.",Robotics
"This work introduces a swarm robotics framework for coordinated multi robot task execution.",Robotics
"We present a humanoid robot control system leveraging reinforcement learning for bipedal locomotion.",Robotics
"This paper analyzes network intrusion detection systems using anomaly based traffic classification techniques.",Cyber Security
"We propose a malware detection framework that analyzes binary executables using static and dynamic analysis.",Cyber Security
"Our research investigates phishing detection using URL and email content feature analysis.",Cyber Security
"This study presents a vulnerability assessment methodology for identifying security weaknesses in web applications.",Cyber Security
"We describe an encryption protocol designed to secure data transmission across untrusted networks.",Cyber Security
"This paper presents a container orchestration strategy for scaling microservices in a cloud native environment.",Cloud Computing
"We propose a serverless computing architecture that automatically scales functions based on incoming request load.",Cloud Computing
"Our study evaluates cost optimization strategies for multi cloud resource provisioning and workload scheduling.",Cloud Computing
"This work introduces a distributed storage system designed for high availability across cloud data centers.",Cloud Computing
"We describe a cloud based CI CD pipeline for automated deployment of containerized applications.",Cloud Computing
"This research introduces a large language model fine tuned with human feedback to improve alignment and reasoning quality.",Artificial Intelligence
"We propose a neuro symbolic AI architecture that combines logical reasoning with learned neural representations.",Artificial Intelligence
"This paper explores autonomous agents that plan, use tools, and self correct across long horizon tasks.",Artificial Intelligence
"We describe a hyperparameter tuning framework using Bayesian optimization for automated machine learning pipelines.",Machine Learning
"This study presents a time series forecasting model using gradient boosting and rolling window feature extraction.",Machine Learning
"We propose an anomaly detection algorithm based on isolation forests for identifying outliers in sensor data.",Machine Learning
"This paper presents a semantic segmentation network for autonomous driving scene understanding using deep learning.",Computer Vision
"We introduce a video action recognition model that captures spatiotemporal features from surveillance footage.",Computer Vision
"Our research applies generative image synthesis techniques to augment limited training datasets.",Computer Vision
"This paper introduces a retrieval augmented generation pipeline for grounding chatbot answers in enterprise documents.",Natural Language Processing
"We propose a text summarization model that condenses long research articles into concise abstracts.",Natural Language Processing
"This study benchmarks tokenization strategies and their effect on downstream language model performance.",Natural Language Processing
"We present a drone navigation system using visual servoing for autonomous aerial inspection tasks.",Robotics
"This paper describes a robotic grasping algorithm trained through simulation to handle diverse object shapes.",Robotics
"Our work proposes a collaborative multi robot mapping system for warehouse logistics automation.",Robotics
"This paper proposes a zero trust security architecture for protecting distributed enterprise networks.",Cyber Security
"We present a ransomware detection system that monitors file system behavior for early warning signs.",Cyber Security
"This research evaluates penetration testing methodologies for identifying weaknesses in cloud hosted APIs.",Cyber Security
"We describe an auto scaling infrastructure as code framework for provisioning cloud resources on demand.",Cloud Computing
"This paper presents a hybrid cloud data pipeline for real time analytics across on premise and cloud systems.",Cloud Computing
"Our study evaluates load balancing strategies for high availability cloud native web applications.",Cloud Computing
